Name,Description,>50% missing,Type,Parent 1,Parent 2,Parent 1 val,Parent 2 val,Categories,Missing values encoding,Data Coding,Databank level encoding,New level encodings,Processing,Observations,Multiple Answers
46,Hand grip strength (left),0,Discrete,0,0,0,0,Physical measures,No missing values encoded,0,None,None,Only gaussianise,,0
47,Hand grip strength (right),0,Discrete,0,0,0,0,Physical measures,No missing values encoded,0,None,None,Only gaussianise,,0
49,Hip circumference,0,Continuous,0,0,0,0,Physical measures,No missing values encoded,0,None,None,Only gaussianise,,0
50,Standing height,0,Continuous,0,0,0,0,Physical measures,No missing values encoded,0,None,None,Only gaussianise,,0
77,Heel bone ultrasound T-score,1,Continuous,0,0,0,0,Physical measures,No missing values encoded,0,None,None,Only gaussianise,,0
78,Heel bone mineral density (BMD) T-score,0,Continuous,0,0,0,0,Physical measures,No missing values encoded,0,None,None,Only gaussianise,,0
102,Pulse rate,0,Discrete,0,0,0,0,Physical measures,No missing values encoded,0,None,None,Only gaussianise,,0
129,Place of birth in UK - north coordinate,0,Nominal,0,0,0,0,Early life factors,No missing values encoded,0,None,None,Remove,,0
130,Place of birth in UK - east coordinate,0,Nominal,0,0,0,0,Early life factors,No missing values encoded,0,None,None,Remove,,0
189,Townsend deprivation index at recruitment,0,Continuous,0,0,0,0,Early life factors,No missing values encoded,0,None,None,Only gaussianise,,0
399,Number of incorrect matches in round,0,Discrete,0,0,0,0,Cognitive function,No missing values encoded,0,None,None,Only gaussianise,,0
767,Length of working week for main job,0,Discrete,6142,0,1,0,Employment - Sociodemographics,Negative values are missing,100291,Same,Same,Only gaussianise,,0
777,Frequency of travelling from home to job workplace,0,Discrete,6142,0,1,0,Employment - Sociodemographics,Missing: -1 and -3/ Less than one: -10,100291,Same,Same,Only gaussianise,,0
796,Distance between home and job workplace,0,Discrete,6142,0,1,0,Employment - Sociodemographics,Missing: -1 and -3/ Less than one: -10,100300,Same,Same,Only gaussianise,,0
806,Job involves mainly walking or standing,0,Ordinal,6142,0,1,0,Employment - Sociodemographics,Negative values are missing,100301,1#2#3#4,0#1#2#3,Only gaussianise,,0
816,Job involves heavy manual or physical work,0,Ordinal,6142,0,1,0,Employment - Sociodemographics,Negative values are missing,100301,1#2#3#4,0#1#2#3,Only gaussianise,,0
826,Job involves shift work,0,Ordinal,6142,0,1,0,Employment - Sociodemographics,Negative values are missing,100301,1#2#3#4,0#1#2#3,Only gaussianise,,0
845,Age completed full time education,0,Discrete,0,0,0,0,Education - Sociodemographics,Missing: -1 and -3/ Not applicable: -2,100306,Same,Same,Only gaussianise,,0
864,Number of days/week walked 10+ minutes,0,Discrete,0,0,0,0,Physical activity - Lifestyle and enrironment,Missing: -1 and -3/ Not applicable: -2,100307,Same,Same,Only gaussianise,,0
874,Duration of walks,0,Discrete,0,0,0,0,Physical activity - Lifestyle and enrironment,Negative values are missing,100291,Same,Same,Only gaussianise,,0
884,Number of days/week of moderate physical activity 10+ minutes,0,Discrete,0,0,0,0,Physical activity - Lifestyle and enrironment,Negative values are missing,100291,Same,Same,Only gaussianise,,0
894,Duration of moderate activity,0,Discrete,0,0,0,0,Physical activity - Lifestyle and enrironment,Negative values are missing,100291,Same,Same,Only gaussianise,,0
904,Number of days/week of vigorous physical activity 10+ minutes,0,Discrete,0,0,0,0,Physical activity - Lifestyle and enrironment,Negative values are missing,100291,Same,Same,Only gaussianise,,0
914,Duration of vigorous activity,0,Discrete,0,0,0,0,Physical activity - Lifestyle and enrironment,Negative values are missing,100291,Same,Same,Only gaussianise,,0
924,Usual walking pace,0,Ordinal,0,0,0,0,Physical activity - Lifestyle and enrironment,Negative values are missing,100313,1#2#3,0#1#2,Set Missing to 0 and gaussianise,,0
943,Frequency of stair climbing in last 4 weeks,0,Ordinal,0,0,0,0,Physical activity - Lifestyle and enrironment,Negative values are missing,100314,Same,Same,Only gaussianise,,0
971,Frequency of walking for pleasure in last 4 weeks,0,Ordinal,0,0,0,0,Physical activity - Lifestyle and enrironment,Negative values are missing,100317,1#2#3#4#5,0#1#2#3#4,Only gaussianise,,0
981,Duration walking for pleasure,0,Ordinal,0,0,0,0,Physical activity - Lifestyle and enrironment,Negative values are missing,100318,1#2#3#4#5#6#7,0#1#2#3#4#5#6,Only gaussianise,,0
991,Frequency of strenuous sports in last 4 weeks,1,Ordinal,6164,0,3,0,Physical activity - Lifestyle and enrironment,Negative values are missing,100317,1#2#3#4#5,0#1#2#3#4,Only gaussianise,,0
1001,Duration of strenuous sports,1,Ordinal,6164,0,3,0,Physical activity - Lifestyle and enrironment,Negative values are missing,100318,1#2#3#4#5#6#7,0#1#2#3#4#5#6,Only gaussianise,,0
1011,Frequency of light DIY in last 4 weeks,0,Ordinal,0,0,0,0,Physical activity - Lifestyle and enrironment,Negative values are missing,100317,1#2#3#4#5,0#1#2#3#4,Only gaussianise,,0
1021,Duration of light DIY in last 4 weeks,0,Ordinal,0,0,0,0,Physical activity - Lifestyle and enrironment,Negative values are missing,100318,1#2#3#4#5#6#7,0#1#2#3#4#5#6,Only gaussianise,,0
1050,Time spend outdoors in summer,0,Discrete,0,0,0,0,Sun exposure - Lifestyle and environment,Missing: -1 and -3/ Less than one: -10,100329,Same,Same,Only gaussianise,,0
1060,Time spend outdoors in winter,0,Discrete,0,0,0,0,Sun exposure - Lifestyle and environment,Missing: -1 and -3/ Less than one: -10,100329,Same,Same,Only gaussianise,,0
1070,Time spent watching television (TV),0,Discrete,0,0,0,0,Physical activity - Lifestyle and enrironment,Missing: -1 and -3/ Less than one: -10,100329,Same,Same,Only gaussianise,,0
1080,Time spent using computer,0,Discrete,0,0,0,0,Physical activity - Lifestyle and enrironment,Missing: -1 and -3/ Less than one: -10,100329,Same,Same,Only gaussianise,,0
1090,Time spent driving,0,Discrete,0,0,0,0,Physical activity - Lifestyle and enrironment,Missing: -1 and -3/ Less than one: -10,100329,Same,Same,Only gaussianise,,0
1100,Drive faster than motorway speed limit,0,Ordinal,0,0,0,0,Physical activity - Lifestyle and enrironment,Missing: 5 and Negative values,100334,1#2#3#4#5,0#1#2#3#4,Only gaussianise,,0
1160,Sleep Duration,0,Discrete,0,0,0,0,Sleep - Lifestyle and environment,Negative values are missing,100291,Same,Same,Only gaussianise,,0
1170,Getting up in the morning,0,Ordinal,0,0,0,0,Sleep - Lifestyle and environment,Negative values are missing,100341,1#2#3#4,0#1#2#3,Only gaussianise,,0
1180,Morning/evening person,0,Ordinal,0,0,0,0,Sleep - Lifestyle and environment,Negative values are missing,100342,1#2#3#4,0#1#2#3,Only gaussianise,,0
1190,p during day,0,Ordinal,0,0,0,0,Sleep - Lifestyle and environment,Negative values are missing,100343,1#2#3,0#1#2,Only gaussianise,,0
1200,Sleeplessness / insomnia,0,Ordinal,0,0,0,0,Sleep - Lifestyle and environment,Negative values are missing,100343,1#2#3,0#1#2,Only gaussianise,,0
1210,Snoring,0,Binary,0,0,0,0,Sleep - Lifestyle and environment,Negative values are missing,100345,1#2,1#0,Only gaussianise,,0
1220,Daytime dozing / sleeping (narcolepsy),0,Ordinal,0,0,0,0,Sleep - Lifestyle and environment,Negative values are missing,100346,Same,Same,Only gaussianise,,0
1239,Current tobacco smoking,0,Ordinal,0,0,0,0,Smoking - Lifestyle and environment,Negative values are missing,100346,Same,Same,Only gaussianise,,0
1249,Past tobacco smoking,0,Ordinal,1239,0,2#3,0,Smoking - Lifestyle and environment,Negative values are missing,100348,Same,Same,Only gaussianise,,0
1259,Smoking/smokers in household,0,Ordinal,1239,0,2#3,0,Smoking - Lifestyle and environment,Negative values are missing,100370,Same,Same,Only gaussianise,,0
1279,Exposure to tobacco smoke outside home,0,Discrete,1239,0,2#3,0,Smoking - Lifestyle and environment,Negative values are missing,100291,Same,Same,Only gaussianise,,0
1289,Cooked vegetable intake,0,Discrete,0,0,0,0,Diet - Lifestyle and environment,Missing: -1 and -3/ Less than one: -10,100373,Same,Same,Only gaussianise,,0
1299,Salad / raw vegetable intake,0,Discrete,0,0,0,0,Diet - Lifestyle and environment,Missing: -1 and -3/ Less than one: -10,100373,Same,Same,Only gaussianise,,0
1309,Fresh fruit intake,0,Discrete,0,0,0,0,Diet - Lifestyle and environment,Missing: -1 and -3/ Less than one: -10,100373,Same,Same,Only gaussianise,,0
1319,Dried fruit intake,0,Discrete,0,0,0,0,Diet - Lifestyle and environment,Missing: -1 and -3/ Less than one: -10,100373,Same,Same,Only gaussianise,,0
1329,Oily fish intake,0,Ordinal,0,0,0,0,Diet - Lifestyle and environment,Negative values are missing,100377,Same,Same,Only gaussianise,,0
1339,Non-oily fish intake,0,Ordinal,0,0,0,0,Diet - Lifestyle and environment,Negative values are missing,100377,Same,Same,Only gaussianise,,0
1349,Processed meat intake,0,Ordinal,0,0,0,0,Diet - Lifestyle and environment,Negative values are missing,100377,Same,Same,Only gaussianise,,0
1359,Poultry intake,0,Ordinal,0,0,0,0,Diet - Lifestyle and environment,Negative values are missing,100377,Same,Same,Only gaussianise,,0
1369,Beef intake,0,Ordinal,0,0,0,0,Diet - Lifestyle and environment,Negative values are missing,100377,Same,Same,Only gaussianise,,0
1379,Lamb/mutton intake,0,Ordinal,0,0,0,0,Diet - Lifestyle and environment,Negative values are missing,100377,Same,Same,Only gaussianise,,0
1389,Pork intake,0,Ordinal,0,0,0,0,Diet - Lifestyle and environment,Negative values are missing,100377,Same,Same,Only gaussianise,,0
1408,Cheese intake,0,Ordinal,0,0,0,0,Diet - Lifestyle and environment,Negative values are missing,100377,Same,Same,Only gaussianise,,0
1418,Milk type used,0,Nominal,0,0,0,0,Diet - Lifestyle and environment,Negative values are missing,100387,1#2#3#4#5#6,0#1#2#3#4#5,Only gaussianise,,0
1428,Spread type,0,Nominal,0,0,0,0,Diet - Lifestyle and environment,Negative values are missing,100388,Same,Same,Set Missing to 0 and gaussianise,,0
1438,Bread intake,0,Discrete,0,0,0,0,Diet - Lifestyle and environment,Missing: -1 and -3/ Less than one: -10,100373,Same,Same,Set Missing to 0 and gaussianise,,0
1448,Bread type,0,Nominal,1438,0,-10,0,Diet - Lifestyle and environment,Negative values are missing,100391,1#2#3#4,0#1#2#3,Only gaussianise,,0
1458,Cereal intake,0,Discrete,0,0,0,0,Diet - Lifestyle and environment,Missing: -1 and -3/ Less than one: -10,100373,Same,Same,Only gaussianise,,0
1468,Cereal type,0,Nominal,1458,0,-10,0,Diet - Lifestyle and environment,Negative values are missing,100393,1#2#3#4#5,0#1#2#3#4,Only gaussianise,Interaction with quantity?,0
1478,Salt added to food,0,Ordinal,0,0,0,0,Diet - Lifestyle and environment,Negative values are missing,100394,1#2#3#4,0#1#2#3,Only gaussianise,,0
1488,Tea intake,0,Discrete,0,0,0,0,Diet - Lifestyle and environment,Missing: -1 and -3/ Less than one: -10,100373,Same,Same,Only gaussianise,,0
1498,Coffee intake,0,Discrete,0,0,0,0,Diet - Lifestyle and environment,Missing: -1 and -3/ Less than one: -10,100373,Same,Same,Only gaussianise,,0
1508,Coffee type,0,Nominal,1498,0,-10,0,Diet - Lifestyle and environment,Negative values are missing,100397,1#2#3#4,0#1#2#3,Only gaussianise,Interaction with quantity?,0
1518,Hot drink temperature,0,Ordinal,0,0,0,0,Diet - Lifestyle and environment,Missing: -1 and -3/ Not applicable: -2,100398,1#2#3,0#1#2,Only gaussianise,,0
1528,Water intake,0,Discrete,0,0,0,0,Diet - Lifestyle and environment,Missing: -1 and -3/ Less than one: -10,100373,Same,Same,Only gaussianise,,0
1538,Major dietary changes in the last 5 years,0,Nominal,0,0,0,0,Diet - Lifestyle and environment,Negative values are missing,100400,Same,Same,Set Missing to 0 and gaussianise,,0
1548,Variation in diet,0,Ordinal,0,0,0,0,Diet - Lifestyle and environment,Negative values are missing,100401,1#2#3,0#1#2,Only gaussianise,,0
1558,Alcohol intake frequency,0,Ordinal,0,0,0,0,Alcohol - Lifestyle and environment,Negative values are missing,100402,1#2#3#4#5#6,5#4#3#2#1#0,Only gaussianise,,0
1568,Average weekly red wine intake,0,Discrete,0,0,0,0,Alcohol - Lifestyle and environment,Negative values are missing,100291,Same,Same,Only gaussianise,,0
1578,Average weekly champagne plut white wine intake,0,Discrete,0,0,0,0,Alcohol - Lifestyle and environment,Negative values are missing,100291,Same,Same,Only gaussianise,,0
1588,Average weekly beer plus cider intake,0,Discrete,0,0,0,0,Alcohol - Lifestyle and environment,Negative values are missing,100291,Same,Same,Only gaussianise,,0
1598,Average weekly spirits intake,0,Discrete,0,0,0,0,Alcohol - Lifestyle and environment,Negative values are missing,100291,Same,Same,Only gaussianise,,0
1608,Average weekly fortified wine intake,0,Discrete,0,0,0,0,Alcohol - Lifestyle and environment,Negative values are missing,100291,Same,Same,Only gaussianise,,0
1618,Alcohol usually taken with meals,0,Nominal,0,0,0,0,Alcohol - Lifestyle and environment,Missing: -1 and -3,100416,1#0#-6,0#2#1,Only gaussianise,,0
1628,Alcohol intake versus 10 years previously,0,Ordinal,0,0,0,0,Alcohol - Lifestyle and environment,Negative values are missing,100417,1#2#3,0#1#2,Only gaussianise,,0
1677,Breastfed as a baby,0,Binary,0,0,0,0,Early life factors,Negative values are missing,100349,Same,Same,Only gaussianise,,0
1687,Comparitive body size at age 10,0,Nominal,0,0,0,0,Early life factors,Negative values are missing,100428,1#2#3,#0#1#2,Only gaussianise,,0
1697,Comparitive height size at age 10,0,Nominal,0,0,0,0,Early life factors,Negative values are missing,100429,1#2#3,0#2#1,Only gaussianise,,0
1707,Handedness (chirality/laterality),0,Nominal,0,0,0,0,Early life factors,Negative values are missing,100430,1#2#3,0#2#1,Only gaussianise,,0
1717,Skin colour,0,Ordinal,0,0,0,0,Sun exposure - Lifestyle and environment,Negative values are missing,100431,1#2#3#4#5#6,0#1#2#3#4#5,Only gaussianise,,0
1727,Ease of skin tanning,0,Ordinal,0,0,0,0,Sun exposure - Lifestyle and environment,Negative values are missing,100432,1#2#3#4,0#1#2#3,Only gaussianise,,0
1737,Childhood sunburn occasions,0,Discrete,0,0,0,0,Sun exposure - Lifestyle and environment,Negative values are missing,100291,Same,Same,Only gaussianise,,0
1747,Hair colour (natural/ before greying),0,Ordinal,0,0,0,0,Sun exposure - Lifestyle and environment,Missing: 6 and Negative values,100434,1#2#3#4#5,0#1#2#3#4,Only gaussianise,,0
1757,Facial ageing,0,Nominal,0,0,0,0,Sun exposure - Lifestyle and environment,Negative values are missing,100435,1#2#3,0#2#1,Only gaussianise,,0
1787,Materl smoking around birth,0,Binary,0,0,0,0,Early life factors,Negative values are missing,100349,Same,Same,Only gaussianise,,0
2267,Use of sun/uv protection,0,Nominal,0,0,0,0,Sun exposure - Lifestyle and environment,Missing: 5 and Negative values,100536,1#2#3#4#5,0#1#2#3#5,Only gaussianise,5= Do not go out in sunshine (DISCUSS),0
2227,Other eye problems,0,Binary,0,0,0,0,Eyesight - Health and medical history,Missing: -1 and -3/ Not applicable: -2,100532,Same,Same,Only gaussianise,,0
2306,Weight change compared with 1 year ago,0,Nominal,0,0,0,0,General Health - Health and medical history,Negative values are missing,100540,0#2#3,0#2#1,Only gaussianise,,0
2624,Frequency of heavy DIY in last 4 weeks,0,Ordinal,0,0,0,0,Physical activity - Lifestyle and enrironment,Negative values are missing,100317,1#2#3#4#5,0#1#2#3#4,Only gaussianise,,0
2634,Duration of heavy DIY,0,Ordinal,0,0,0,0,Physical activity - Lifestyle and enrironment,Negative values are missing,100318,1#2#3#4#5#6#7,0#1#2#3#4#5#6,Only gaussianise,,0
2644,Light smokers/ at least 100 smokes in lifetime,1,Binary,0,0,0,0,Smoking - Lifestyle and environment,Negative values are missing,100349,Same,Same,Only gaussianise,,0
2654,Non-butter spread type details,0,Nominal,1428,0,3,0,Diet - Lifestyle and environment,Negative values are missing,100389,4#5#6#7#2#8#9,0#1#2#3#4#5,Only gaussianise,,0
2664,Reason for reducing amount of alcohol drunk,0,Nominal,1558,1558,1#2#3#4#5,3,Alcohol - Lifestyle and environment,Negative values are missing,100418,1#2#3#4#5,0#1#2#3#4,Only gaussianise,,0
2867,Age started smoking in former smokers,1,Discrete,1249,0,1,0,Smoking - Lifestyle and environment,Negative values are missing,100291,Same,Same,Only gaussianise,,0
2877,Type of tobacco previously smoked,1,Nominal,1249,0,1,0,Smoking - Lifestyle and environment,Negative values are missing,100351,1#2#3,0#1#2,Only gaussianise,,0
2887,Number of cigarettes previously smoked,1,Discrete,1249,2877,1,1#2,Smoking - Lifestyle and environment,Missing: -1 and -3/ Less than one: -10,100353,Same,Same,Only gaussianise,,0
2897,Age stopped smoking,1,Discrete,1249,0,1,0,Smoking - Lifestyle and environment,Negative values are missing,100291,Same,Same,Only gaussianise,,0
2907,Ever stopped smoking for 6+ months,1,Binary,1249,0,1,0,Smoking - Lifestyle and environment,Negative values are missing,100349,Same,Same,Only gaussianise,,0
2926,Number of unsuccessful stop-smoking attempts,1,Discrete,1249,2907,1,1,Smoking - Lifestyle and environment,Negative values are missing,100291,Same,Same,Only gaussianise,,0
2936,Likelihood of resuming smoking,1,Ordinal,1249,2907,1,1,Smoking - Lifestyle and environment,Negative values are missing,100369,1#2#3#4,3#2#1#0,Only gaussianise,,0
3062,Forced vital capacity (FVC),0,Continuous,0,0,0,0,Spirometry - Physical measures,No missing values encoded,0,Same,Same,Only gaussianise,,0
3063,Forced expiratory volume in 1-second (FEV1),0,Continuous,0,0,0,0,Spirometry - Physical measures,No missing values encoded,0,Same,Same,Only gaussianise,,0
3064,Peak expiratory flow (PEF),0,Discrete,0,0,0,0,Spirometry - Physical measures,No missing values encoded,0,Same,Same,Only gaussianise,,0
3637,Frequency of other exercises in last 4 weeks,0,Ordinal,0,0,0,0,Physical activity - Lifestyle and enrironment,Negative values are missing,100317,1#2#3#4#5,0#1#2#3#4,Only gaussianise,,0
3647,Duration of other exercises,0,Ordinal,0,0,0,0,Physical activity - Lifestyle and enrironment,Negative values are missing,100318,1#2#3#4#5#6#7,0#1#2#3#4#5#6,Only gaussianise,,0
4079,Diastolic blood pressure,0,Discrete,0,0,0,0,Blood pressure - Physical measures,No missing values encoded,0,Same,Same,Only gaussianise,,0
4080,Systolic blood pressure,0,Discrete,0,0,0,0,Blood pressure - Physical measures,No missing values encoded,0,Same,Same,Only gaussianise,,0
4106,Heel bone mineral density (BMD) T-score automated (left),0,Continuous,0,0,0,0,Bone-densitometry of heel - Physical measures,No missing values encoded,0,Same,Same,Only gaussianise,,0
4125,Heel bone mineral density (BMD) T-score manual (left),0,Continuous,0,0,0,0,Bone-densitometry of heel - Physical measures,No missing values encoded,0,Same,Same,Only gaussianise,,0
4194,Pulse rate,0,Discrete,0,0,0,0,Physical measures,No missing values encoded,0,Same,Same,Only gaussianise,,0
4407,Average monthly red wine intake,1,Discrete,0,0,0,0,Alcohol - Lifestyle and environment,Negative values are missing,100291,Same,Same,Only gaussianise,,0
4418,Average monthly champagne plut white wine intake,1,Discrete,0,0,0,0,Alcohol - Lifestyle and environment,Negative values are missing,100291,Same,Same,Only gaussianise,,0
4429,Average monthly beer plus cider intake,1,Discrete,0,0,0,0,Alcohol - Lifestyle and environment,Negative values are missing,100291,Same,Same,Only gaussianise,,0
4440,Average monthly spirits intake,1,Discrete,0,0,0,0,Alcohol - Lifestyle and environment,Negative values are missing,100291,Same,Same,Only gaussianise,,0
4451,Average monthly fortified wine intake,1,Discrete,0,0,0,0,Alcohol - Lifestyle and environment,Negative values are missing,100291,Same,Same,Only gaussianise,,0
4825,Noisy workplace,0,Nominal,2247,0,99,0,Hearing - Health and medical history,Missing: -1 and -3/ Not applicable: 99,100637,11#12#13#0,3#2#1#0,Only gaussianise,,0
4836,Loud music exposure frequency,0,Nominal,2247,0,99,0,Hearing - Health and medical history,Missing: -1 and -3/ Not applicable: 99,100637,11#12#13#0,3#2#1#0,Only gaussianise,,0
6138,Qualifications,0,Nominal,0,0,0,0,Education - Sociodemographics,Negative values are missing,100305,1#2#3#4#5#6,5#2#1#0#4#3,Only gaussianise,,1
6142,Current employment status,0,Nominal,0,0,0,0,Employment - Sociodemographics,Negative values are missing,100295,1#2#3#4#5#6#7,0#1#2#3#4#5#6,Only gaussianise,,1
6143,Transport type for commuting to job workplace,0,Nominal,0,0,0,0,Employment - Sociodemographics,Negative values are missing,100299,1#2#3#4,0#1#2#3,Only gaussianise,,1
6144,Never eat eggs/ dairy/ wheat/ sugar,0,Nominal,0,0,0,0,Diet - Lifestyle and environment,Negative values are missing,100385,1#2#3#4#5,1#2#3#4#0,Only gaussianise,,1
6157,Why stopped smoking,1,Nominal,1249,2907,1,1,Smoking - Lifestyle and environment,Negative values are missing,100361,1#2#3#4,0#1#2#3,Only gaussianise,,1
6162,Types of transport used (excluding work),0,Nominal,0,0,0,0,Physical activity - Lifestyle and enrironment,Negative values are missing,100299,1#2#3#4,0#1#2#3,Only gaussianise,,1
6164,Types of physical activity in last 4 weeks,0,Nominal,0,0,0,0,Physical activity - Lifestyle and enrironment,Negative values are missing,100316,1#2#3#4#5,0#1#2#3#4,Only gaussianise,,1
12673,Heart rate during PWA,0,Discrete,0,0,0,0,Pulse wave alysis - Heart MRI - Imaging,No missing values encoded,0,Same,Same,Only gaussianise,,0
12674,Systolic brachial blood pressure during PWA,0,Discrete,0,0,0,0,Pulse wave alysis - Heart MRI - Imaging,No missing values encoded,0,Same,Same,Only gaussianise,,0
12675,Diastolic brachial blood pressure during PWA,0,Discrete,0,0,0,0,Pulse wave alysis - Heart MRI - Imaging,No missing values encoded,0,Same,Same,Only gaussianise,,0
12676,Peripheral pulse pressure during PWA,0,Discrete,0,0,0,0,Pulse wave alysis - Heart MRI - Imaging,No missing values encoded,0,Same,Same,Only gaussianise,,0
12677,Central systolic blood pressure during PWA,0,Discrete,0,0,0,0,Pulse wave alysis - Heart MRI - Imaging,No missing values encoded,0,Same,Same,Only gaussianise,,0
12678,Central pulse pressure during PWA,0,Discrete,0,0,0,0,Pulse wave alysis - Heart MRI - Imaging,No missing values encoded,0,Same,Same,Only gaussianise,,0
12679,Number of beats in waveform average for PWA,0,Continuous,0,0,0,0,Pulse wave alysis - Heart MRI - Imaging,No missing values encoded,0,Same,Same,Only gaussianise,,0
12680,Central augmentation pressure during PWA,0,Continuous,0,0,0,0,Pulse wave alysis - Heart MRI - Imaging,No missing values encoded,0,Same,Same,Only gaussianise,,0
12681,Augmentation index for PWA,0,Continuous,0,0,0,0,Pulse wave alysis - Heart MRI - Imaging,No missing values encoded,0,Same,Same,Only gaussianise,,0
12682,Cardiac output during PWA,0,Continuous,0,0,0,0,Pulse wave alysis - Heart MRI - Imaging,No missing values encoded,0,Same,Same,Only gaussianise,,0
12683,End systolic pressure during PWA,0,Continuous,0,0,0,0,Pulse wave alysis - Heart MRI - Imaging,No missing values encoded,0,Same,Same,Only gaussianise,,0
12684,End systolic pressure index during PWA,0,Continuous,0,0,0,0,Pulse wave alysis - Heart MRI - Imaging,No missing values encoded,0,Same,Same,Only gaussianise,,0
12685,Total peripheral resistance during PWA,0,Continuous,0,0,0,0,Pulse wave alysis - Heart MRI - Imaging,No missing values encoded,0,Same,Same,Only gaussianise,,0
12686,Stroke volume during PWA,0,Discrete,0,0,0,0,Pulse wave alysis - Heart MRI - Imaging,No missing values encoded,0,Same,Same,Only gaussianise,,0
12687,Mean arterial pressure during PWA,0,Discrete,0,0,0,0,Pulse wave alysis - Heart MRI - Imaging,No missing values encoded,0,Same,Same,Only gaussianise,,0
12702,Cardiac index during PWA,0,Continuous,0,0,0,0,Heart MRI,No missing values encoded,0,Same,Same,Only gaussianise,Partly derived from 12682,0
20015,Sitting height,0,Discrete,0,0,0,0,Physical measures,No missing values encoded,0,Same,Same,Only gaussianise,,0
20016,Fluid intelligence score,0,Discrete,0,0,0,0,Cognitive function,No missing values encoded,0,Same,Same,Only gaussianise,Incorporates several different scores,0
20018,Prospective memory result,0,Ordinal,0,0,0,0,Cognitive function,No missing values encoded,18,0#1#2,0#2#1,Only gaussianise,,0
20022,Birth weight,0,Continuous,0,0,0,0,Early life factors,No missing values encoded,0,Same,Same,Only gaussianise,,0
20023,Mean time to correctly identify matches,0,Discrete,0,0,0,0,Cognitive function,No missing values encoded,0,Same,Same,Only gaussianise,Related to fields 404/ 10147,0
20082,Duration of questionire,0,Discrete,0,0,0,0,Diet questionire performance,No missing values encoded,0,Same,Same,Only gaussianise,Related fields: 20082/ 105010/ 105030,0
20084,Vitamin and/or mineral supplement use,1,Nominal,104670,0,1,0,Vitamin/mineral supplements yesterday,No missing values encoded,74,468#469#470#471#472#473#474#475#476#477#478#479#480#481#482#483#484#485#486#487#488,0#1#2#3#4#5#6#7#8#9#10#11#12#13#14#15#16#17#18#19#20,Set Missing to 0 and gaussianise,,1
20087,Types of spreads used on bread/crackers,1,Nominal,101300,0,1,0,Bread/pasta/rice yesterday,No missing values encoded,77,159#160#161#162#163#164#165#166#167#168#169#170#171#172#173#174#175#176#177#178#179#180#181#182#183#184#185#186#187#188#189#190#191#192#193#194#195,0#1#2#3#4#5#6#7#8#9#10#11#12#13#14#15#16#17#18#19#20#21#22#23#24#25#26#27#28#29#30#31#32#33#34#35#36,Set Missing to 0 and gaussianise,,1
20088,Types of spreads/sauces consumed,1,Nominal,103310,0,1,0,Spreads/sauces/cooking oils yesterday,No missing values encoded,78,332#333#334#335#336#337#338#339#340#341#342#343#344#345#346#347#348#349#350,0#1#2#3#4#5#6#7#8#9#10#11#12#13#14#15#16#17#18,Set Missing to 0 and gaussianise,,1
20089,Type of meals eaten,0,Nominal,0,0,0,0,Meal type yesterday,No missing values encoded,79,461#462#463#464#465,0#1#2#3#4,Only gaussianise,,1
20090,Type of fat/oil used in cooking,0,Nominal,0,0,0,0,Spreads/sauces/cooking oils yesterday,Missing: 352,80,352#353#354#355#356#357#358#359#360#361#362#363#364#365#367#368#369#370#371#372#373#374#375#376#373#378#379#380#381#382#383#384#385#386#387#388#389#390#391#392#393#394#395,0#1#2#3#4#5#6#7#8#9#10#11#12#13#14#15#16#17#18#19#20#21#22#23#24#25#26#27#28#29#30#31#32#33#34#35#36#37#38#39#40#41#42#43#44,Only gaussianise,,1
20091,Type of sliced bread eaten,0,Nominal,100950,0,1#2#3#4#5#500#600,0,Bread/pasta/rice yesterday,Missing: 5 and Negative values,81,1#2#3#4#5,0#1#2#3#4,Only gaussianise,Interaction with quantity?,1
20098,Thickness of butter/margarine spread on sliced bread,1,Ordinal,101310,0,1#2#3#4#5#500#600,0,Bread/pasta/rice yesterday,No missing values encoded,83,Same,Same,Only gaussianise,Encoding implies N == None,0
20106,Type of yogurt eaten,1,Nominal,102090,0,1#2#300#555,0,Soup/scks/pastries yesterday,No missing values encoded,85,210#211,0#1,Only gaussianise,Encoding implies N == None,1
20116,Smoking status,0,Nominal,0,0,0,0,Lifestyle and environment,Negative values are missing,90,Same,Same,Only gaussianise,,0
20117,Alcohol drinker status,0,Nominal,0,0,0,0,Lifestyle and environment,Negative values are missing,90,Same,Same,Only gaussianise,,0
20118,Home area population density - urban or rural,0,Nominal,0,0,0,0,Recruitment,Missing: 9,91,1#2#3#4#5#6#7#8#10#11#12#13#14#15#16#17#18,0#1#2#3#4#5#6#7#8#9#10#11#12#13#14#15#16,Only gaussianise,,0
20132,Number of incorrect matches in round,0,Discrete,0,0,0,0,Cognitive function follow-up,No missing values encoded,0,Same,Same,Only gaussianise,Related to 399,0
20133,Time to complete round,0,Discrete,0,0,0,0,Cognitive function follow-up,Negative values are missing,485,Same,Same,Only gaussianise,Related to 400,0
20149,Interval between previous point and current one in numeric path (trail #1),0,Discrete,0,0,0,0,Cognitive function follow-up,Negative values are missing,485,Same,Same,Only gaussianise,Related fields: 20149/ 20156/ 20247,0
20155,Interval between previous point and current one in alphanumeric path (trail #2),0,Discrete,0,0,0,0,Cognitive function follow-up,Negative values are missing,485,Same,Same,Only gaussianise,Related fields: 20155/ 20157/ 20248,0
20156,Duration to complete numeric path (trail #1),0,Continuous,0,0,0,0,Cognitive function follow-up,No missing values encoded,0,Same,Same,Only gaussianise,Related fields: 20149/ 20156/ 20247,0
20157,Duration to complete alphanumeric path (trail #2),0,Continuous,0,0,0,0,Cognitive function follow-up,No missing values encoded,0,Same,Same,Only gaussianise,Related fields: 20155/ 20157/ 20248,0
20159,Number of symbol digit matches made correctly,0,Discrete,0,0,0,0,Cognitive function follow-up,No missing values encoded,0,Same,Same,Only gaussianise,Related fields: 20159 and 20195,0
20195,Number of symbol digits matched,0,Discrete,0,0,0,0,Cognitive function follow-up,No missing values encoded,0,Same,Same,Only gaussianise,Related fields: 20159 and 20195,0
20196,Code array presented,0,Nominal,0,0,0,0,Cognitive function follow-up,No missing values encoded,500,Same,Same,Remove,Related fields: 20196/ 20198/ 20200 and  20229,0
20198,Test array presented,0,Nominal,0,0,0,0,Cognitive function follow-up,No missing values encoded,500,Same,Same,Remove,Related fields: 20196/ 20198/ 20200 and  20230,0
20200,Value wanted,0,Discrete,0,0,0,0,Cognitive function follow-up,No missing values encoded,0,Same,Same,Remove,Related fields: 20196/ 20198/ 20200 and  20231,0
20229,Value entered,0,Discrete,0,0,0,0,Cognitive function follow-up,No missing values encoded,0,Same,Same,Remove,Related fields: 20196/ 20198/ 20200 and  20232,0
20230,Duration to entering value,0,Continuous,20229,0,1#2#3#4#5#6#7#8,0,Cognitive function follow-up,No missing values encoded,0,Same,Same,Only gaussianise,,0
20240,Maximum digits remembered correctly,0,Discrete,0,0,0,0,Cognitive function follow-up,Negative values are missing,0,Same,Same,Only gaussianise,Related to field 4282,0
20244,Pairs matching completion status,0,Ordinal,0,0,0,0,Cognitive function follow-up,No missing values encoded,498,0#1#2,2#0#1,Only gaussianise,,0
20246,Trail making completion status,0,Nominal,0,0,0,0,Cognitive function follow-up,No missing values encoded,479,0#1#2#3,3#1#2#0,Only gaussianise,,0
20247,Total errors traversing numeric path (trail #1),1,Discrete,20147,0,#1#2#3#4#5#6#7#8#9#10#11#12#13#14#15#16#17#18#19#20#21#22#23#24#25,0,Cognitive function follow-up,Negative values are missing,0,Same,Same,Only gaussianise,Related fields: 20149/ 20156/ 20247,0
20248,Total errors traversing alphanumeric path (trail #2),1,Discrete,20148,0,#1#2#3#4#5#6#7#8#9#10#11#12#13#14#15#16#17#18#19#20#21#22#23#24#25,0,Cognitive function follow-up,Negative values are missing,0,Same,Same,Only gaussianise,Related fields: 20155/ 20157/ 20248,0
21001,Body mass index (BMI),0,Continuous,0,0,0,0,Physical measures,No missing values encoded,0,Same,Same,Only gaussianise,Uses 50 and 21002 for calculation,0
21002,Weight,0,Continuous,0,0,0,0,Physical measures,No missing values encoded,0,Same,Same,Only gaussianise,Use in preference of 12143,0
21021,Pulse wave Arterial Stiffness index,0,Continuous,0,0,0,0,Physical measures,No missing values encoded,0,Same,Same,Only gaussianise,,0
22420,LV ejection fraction,0,Continuous,0,0,0,0,Heart MRI,No missing values encoded,0,Same,Same,Only gaussianise,,0
22421,LV end diastolic volume,0,Continuous,0,0,0,0,Heart MRI,No missing values encoded,0,Same,Same,Only gaussianise,,0
22422,LV end systolic volume,0,Continuous,0,0,0,0,Heart MRI,No missing values encoded,0,Same,Same,Only gaussianise,,0
22423,LV stroke volume,0,Continuous,0,0,0,0,Heart MRI,No missing values encoded,0,Same,Same,Only gaussianise,,0
22424,Cardiac output,0,Continuous,0,0,0,0,Heart MRI,No missing values encoded,0,Same,Same,Only gaussianise,,0
22425,Cardiac index,0,Continuous,0,0,0,0,Heart MRI,No missing values encoded,0,Same,Same,Only gaussianise,,0
22426,Average heart rate,0,Discrete,0,0,0,0,Heart MRI,No missing values encoded,0,Same,Same,Only gaussianise,,0
22427,Body surface area,0,Continuous,0,0,0,0,Heart MRI,No missing values encoded,0,Same,Same,Only gaussianise,,0
22501,Year ended full time education,0,Discrete,0,0,0,0,Work environment,Missing: -1 and -3/ Not applicable: -2,100306,Same,Same,Only gaussianise,Mixed items: Don't know/ never went to school and prefer not to answer.,0
22506,Tobacco smoking,0,Ordinal,0,0,0,0,Medical information,Negative values are missing,496,111#112#113#114,3#2#1#0,Only gaussianise,N = prefer not to answer + not smoker (question is actually if the person is currently a smoker),0
22507,Age of stopping smoking,1,Discrete,22506,0,113,0,Medical information,No missing values encoded,0,Same,Same,Only gaussianise,Encoding implies N == None,0
22599,Number of jobs held,0,Discrete,0,0,0,0,Employment history,No missing values encoded,0,Same,Same,Only gaussianise,Encoding implies N == None,0
22605,Work hours per week - exact value,1,Discrete,0,0,0,0,Employment history,No missing values encoded,0,Same,Same,Only gaussianise,Encoding implies N == None,0
22620,Job involved shift work,0,Binary,0,0,0,0,Employment history,No missing values encoded,7,1#0,0#1,Only gaussianise,Encoding implies N == None,0
23099,Body fat percentage,0,Continuous,0,0,0,0,Physical measures,No missing values encoded,0,Same,Same,Only gaussianise,,0
23100,Whole body fat mass,0,Continuous,0,0,0,0,Physical measures,No missing values encoded,0,Same,Same,Only gaussianise,,0
23101,Whole body fat-free mass,0,Continuous,0,0,0,0,Physical measures,No missing values encoded,0,Same,Same,Only gaussianise,,0
23102,Whole body water mass,0,Continuous,0,0,0,0,Physical measures,No missing values encoded,0,Same,Same,Only gaussianise,,0
23105,Basal metabolic rate,0,Continuous,0,0,0,0,Physical measures,No missing values encoded,0,Same,Same,Only gaussianise,,0
23106,Impedance of whole body,0,Continuous,0,0,0,0,Physical measures,No missing values encoded,0,Same,Same,Only gaussianise,,0
23107,Impedance of leg (right),0,Continuous,0,0,0,0,Physical measures,No missing values encoded,0,Same,Same,Only gaussianise,,0
23108,Impedance of leg (left),0,Continuous,0,0,0,0,Physical measures,No missing values encoded,0,Same,Same,Only gaussianise,,0
23109,Impedance of arm (right),0,Continuous,0,0,0,0,Physical measures,No missing values encoded,0,Same,Same,Only gaussianise,,0
23110,Impedance of arm (left),0,Continuous,0,0,0,0,Physical measures,No missing values encoded,0,Same,Same,Only gaussianise,,0
23111,Leg fat percentage (right),0,Continuous,0,0,0,0,Physical measures,No missing values encoded,0,Same,Same,Only gaussianise,,0
23112,Leg fat mass (right),0,Continuous,0,0,0,0,Physical measures,No missing values encoded,0,Same,Same,Only gaussianise,,0
23113,Leg fat-free mass (right),0,Continuous,0,0,0,0,Physical measures,No missing values encoded,0,Same,Same,Only gaussianise,,0
23114,Leg predicted mass (right),0,Continuous,0,0,0,0,Physical measures,No missing values encoded,0,Same,Same,Only gaussianise,,0
23115,Leg fat percentage (left),0,Continuous,0,0,0,0,Physical measures,No missing values encoded,0,Same,Same,Only gaussianise,,0
23116,Leg fat mass (left),0,Continuous,0,0,0,0,Physical measures,No missing values encoded,0,Same,Same,Only gaussianise,,0
23117,Leg fat-free mass (left),0,Continuous,0,0,0,0,Physical measures,No missing values encoded,0,Same,Same,Only gaussianise,,0
23118,Leg predicted mass (left),0,Continuous,0,0,0,0,Physical measures,No missing values encoded,0,Same,Same,Only gaussianise,,0
23119,Arm fat percentage (right),0,Continuous,0,0,0,0,Physical measures,No missing values encoded,0,Same,Same,Only gaussianise,,0
23120,Arm fat mass (right),0,Continuous,0,0,0,0,Physical measures,No missing values encoded,0,Same,Same,Only gaussianise,,0
23121,Arm fat-free mass (right),0,Continuous,0,0,0,0,Physical measures,No missing values encoded,0,Same,Same,Only gaussianise,,0
23122,Arm predicted mass (right),0,Continuous,0,0,0,0,Physical measures,No missing values encoded,0,Same,Same,Only gaussianise,,0
23123,Arm fat percentage (left),0,Continuous,0,0,0,0,Physical measures,No missing values encoded,0,Same,Same,Only gaussianise,,0
23124,Arm fat mass (left),0,Continuous,0,0,0,0,Physical measures,No missing values encoded,0,Same,Same,Only gaussianise,,0
23125,Arm fat-free mass (left),0,Continuous,0,0,0,0,Physical measures,No missing values encoded,0,Same,Same,Only gaussianise,,0
23126,Arm predicted mass (left),0,Continuous,0,0,0,0,Physical measures,No missing values encoded,0,Same,Same,Only gaussianise,,0
23127,Trunk fat percentage,0,Continuous,0,0,0,0,Physical measures,No missing values encoded,0,Same,Same,Only gaussianise,,0
23128,Trunk fat mass,0,Continuous,0,0,0,0,Physical measures,No missing values encoded,0,Same,Same,Only gaussianise,,0
23129,Trunk fat-free mass,0,Continuous,0,0,0,0,Physical measures,No missing values encoded,0,Same,Same,Only gaussianise,,0
23130,Trunk predicted mass,0,Continuous,0,0,0,0,Physical measures,No missing values encoded,0,Same,Same,Only gaussianise,,0
23200,L1-L4 area,0,Continuous,0,0,0,0,Bone size/ mineral and density by DXA,No missing values encoded,0,Same,Same,Only gaussianise,,0
23201,L1-L4 average height,0,Continuous,0,0,0,0,Bone size/ mineral and density by DXA,No missing values encoded,0,Same,Same,Only gaussianise,,0
23202,L1-L4 average width,0,Continuous,0,0,0,0,Bone size/ mineral and density by DXA,No missing values encoded,0,Same,Same,Only gaussianise,,0
23203,L1-L4 BMC (bone mineral content),0,Continuous,0,0,0,0,Bone size/ mineral and density by DXA,No missing values encoded,0,Same,Same,Only gaussianise,,0
23204,L1-L4 BMD (bone mineral density),0,Continuous,0,0,0,0,Bone size/ mineral and density by DXA,No missing values encoded,0,Same,Same,Only gaussianise,,0
23205,L1-L4 BMD (bone mineral density) T-score,0,Continuous,0,0,0,0,Bone size/ mineral and density by DXA,No missing values encoded,0,Same,Same,Only gaussianise,,0
23206,Femur lower neck BMD (bone mineral density) (right),1,Continuous,0,0,0,0,Bone size/ mineral and density by DXA,No missing values encoded,0,Same,Same,Only gaussianise,,0
23208,Femur neck BMD (bone mineral density) (right),0,Continuous,0,0,0,0,Bone size/ mineral and density by DXA,No missing values encoded,0,Same,Same,Only gaussianise,,0
23209,Femur neck BMD (bone mineral density) (right),0,Continuous,0,0,0,0,Bone size/ mineral and density by DXA,No missing values encoded,0,Same,Same,Only gaussianise,,0
23210,Femur shaft BMD (bone mineral density) (right),0,Continuous,0,0,0,0,Bone size/ mineral and density by DXA,No missing values encoded,0,Same,Same,Only gaussianise,,0
23212,Femur total BMD (bone mineral density) (right),0,Continuous,0,0,0,0,Bone size/ mineral and density by DXA,No missing values encoded,0,Same,Same,Only gaussianise,,0
23213,Femur total BMD (bone mineral density) T-score (right),0,Continuous,0,0,0,0,Bone size/ mineral and density by DXA,No missing values encoded,0,Same,Same,Only gaussianise,,0
23214,Femur troch BMD (bone mineral density) (right),0,Continuous,0,0,0,0,Bone size/ mineral and density by DXA,No missing values encoded,0,Same,Same,Only gaussianise,,0
23215,Femur troch BMD (bone mineral density) T-score (right),0,Continuous,0,0,0,0,Bone size/ mineral and density by DXA,No missing values encoded,0,Same,Same,Only gaussianise,,0
23216,Femur upper neck BMD (bone mineral density) (right),1,Continuous,0,0,0,0,Bone size/ mineral and density by DXA,No missing values encoded,0,Same,Same,Only gaussianise,,0
23217,Femur upper neck BMD (bone mineral density) T-score (right),1,Continuous,0,0,0,0,Bone size/ mineral and density by DXA,No missing values encoded,0,Same,Same,Only gaussianise,,0
23218,Femur wards BMD (bone mineral density) (right),0,Continuous,0,0,0,0,Bone size/ mineral and density by DXA,No missing values encoded,0,Same,Same,Only gaussianise,,0
23219,Femur wards BMD (bone mineral density) T-score (right),0,Continuous,0,0,0,0,Bone size/ mineral and density by DXA,No missing values encoded,0,Same,Same,Only gaussianise,,0
23220,Arm BMC (bone mineral content) (left),0,Continuous,0,0,0,0,Bone size/ mineral and density by DXA,No missing values encoded,0,Same,Same,Only gaussianise,,0
23221,Arm BMD (bone mineral density) (left),0,Continuous,0,0,0,0,Bone size/ mineral and density by DXA,No missing values encoded,0,Same,Same,Only gaussianise,,0
23222,Arm BMC (bone mineral content) (right),0,Continuous,0,0,0,0,Bone size/ mineral and density by DXA,No missing values encoded,0,Same,Same,Only gaussianise,,0
23223,Arm BMD (bone mineral density) (right),0,Continuous,0,0,0,0,Bone size/ mineral and density by DXA,No missing values encoded,0,Same,Same,Only gaussianise,,0
23224,Arms BMC (bone mineral content),0,Continuous,0,0,0,0,Bone size/ mineral and density by DXA,No missing values encoded,0,Same,Same,Only gaussianise,,0
23225,Arms BMD (bone mineral density),0,Continuous,0,0,0,0,Bone size/ mineral and density by DXA,No missing values encoded,0,Same,Same,Only gaussianise,,0
23226,Head BMD (bone mineral density),0,Continuous,0,0,0,0,Bone size/ mineral and density by DXA,No missing values encoded,0,Same,Same,Only gaussianise,,0
23227,Leg BMD (bone mineral density) (left),0,Continuous,0,0,0,0,Bone size/ mineral and density by DXA,No missing values encoded,0,Same,Same,Only gaussianise,,0
23228,Leg BMC (bone mineral content) (right),0,Continuous,0,0,0,0,Bone size/ mineral and density by DXA,No missing values encoded,0,Same,Same,Only gaussianise,,0
23229,Leg BMD (bone mineral density) (right),0,Continuous,0,0,0,0,Bone size/ mineral and density by DXA,No missing values encoded,0,Same,Same,Only gaussianise,,0
23230,Legs BMC (bone mineral content),0,Continuous,0,0,0,0,Bone size/ mineral and density by DXA,No missing values encoded,0,Same,Same,Only gaussianise,,0
23231,Legs BMD (bone mineral density),0,Continuous,0,0,0,0,Bone size/ mineral and density by DXA,No missing values encoded,0,Same,Same,Only gaussianise,,0
23232,Pelvis BMD (bone mineral density),0,Continuous,0,0,0,0,Bone size/ mineral and density by DXA,No missing values encoded,0,Same,Same,Only gaussianise,,0
23233,Ribs BMD (bone mineral density),0,Continuous,0,0,0,0,Bone size/ mineral and density by DXA,No missing values encoded,0,Same,Same,Only gaussianise,,0
23234,Spine BMD (bone mineral density),0,Continuous,0,0,0,0,Bone size/ mineral and density by DXA,No missing values encoded,0,Same,Same,Only gaussianise,,0
23235,Total BMC (bone mineral content),0,Continuous,0,0,0,0,Bone size/ mineral and density by DXA,No missing values encoded,0,Same,Same,Only gaussianise,,0
23236,Total BMD (bone mineral density),0,Continuous,0,0,0,0,Bone size/ mineral and density by DXA,No missing values encoded,0,Same,Same,Only gaussianise,,0
23237,Total BMD (bone mineral density) (left),0,Continuous,0,0,0,0,Bone size/ mineral and density by DXA,No missing values encoded,0,Same,Same,Only gaussianise,,0
23238,Total BMD (bone mineral density) (right),0,Continuous,0,0,0,0,Bone size/ mineral and density by DXA,No missing values encoded,0,Same,Same,Only gaussianise,,0
23239,Total BMD (bone mineral density) T-score,0,Continuous,0,0,0,0,Bone size/ mineral and density by DXA,No missing values encoded,0,Same,Same,Only gaussianise,,0
23240,Trunk BMC (bone mineral content),0,Continuous,0,0,0,0,Bone size/ mineral and density by DXA,No missing values encoded,0,Same,Same,Only gaussianise,,0
23241,Trunk BMD (bone mineral density),0,Continuous,0,0,0,0,Bone size/ mineral and density by DXA,No missing values encoded,0,Same,Same,Only gaussianise,,0
23242,Trunk BMD (bone mineral density) (left),0,Continuous,0,0,0,0,Bone size/ mineral and density by DXA,No missing values encoded,0,Same,Same,Only gaussianise,,0
23243,Trunk BMD (bone mineral density) (right),0,Continuous,0,0,0,0,Bone size/ mineral and density by DXA,No missing values encoded,0,Same,Same,Only gaussianise,,0
23244,Android bone mass,0,Continuous,0,0,0,0,Body composition by DXA,No missing values encoded,0,Same,Same,Only gaussianise,,0
23245,Android fat mass,0,Continuous,0,0,0,0,Body composition by DXA,No missing values encoded,0,Same,Same,Only gaussianise,,0
23246,Android lean mass,0,Continuous,0,0,0,0,Body composition by DXA,No missing values encoded,0,Same,Same,Only gaussianise,,0
23247,Android tissue fat percentage,0,Continuous,0,0,0,0,Body composition by DXA,No missing values encoded,0,Same,Same,Only gaussianise,,0
23248,Android total mass,0,Continuous,0,0,0,0,Body composition by DXA,No missing values encoded,0,Same,Same,Only gaussianise,,0
23249,Arm fat mass (left),0,Continuous,0,0,0,0,Body composition by DXA,No missing values encoded,0,Same,Same,Only gaussianise,,0
23250,Arm lean mass (left),0,Continuous,0,0,0,0,Body composition by DXA,No missing values encoded,0,Same,Same,Only gaussianise,,0
23251,Arm tissue fat percentage (left),0,Continuous,0,0,0,0,Body composition by DXA,No missing values encoded,0,Same,Same,Only gaussianise,,0
23252,Arm total mass (left),0,Continuous,0,0,0,0,Body composition by DXA,No missing values encoded,0,Same,Same,Only gaussianise,,0
23253,Arm fat mass (right),0,Continuous,0,0,0,0,Body composition by DXA,No missing values encoded,0,Same,Same,Only gaussianise,,0
23254,Arm lean mass (right),0,Continuous,0,0,0,0,Body composition by DXA,No missing values encoded,0,Same,Same,Only gaussianise,,0
23255,Arm tissue fat percentage (right),0,Continuous,0,0,0,0,Body composition by DXA,No missing values encoded,0,Same,Same,Only gaussianise,,0
23256,Arm total mass (right),0,Continuous,0,0,0,0,Body composition by DXA,No missing values encoded,0,Same,Same,Only gaussianise,,0
23257,Arms fat mass,0,Continuous,0,0,0,0,Body composition by DXA,No missing values encoded,0,Same,Same,Only gaussianise,,0
23258,Arms lean mass,0,Continuous,0,0,0,0,Body composition by DXA,No missing values encoded,0,Same,Same,Only gaussianise,,0
23259,Arms tissue fat percentage,0,Continuous,0,0,0,0,Body composition by DXA,No missing values encoded,0,Same,Same,Only gaussianise,,0
23260,Arms total mass,0,Continuous,0,0,0,0,Body composition by DXA,No missing values encoded,0,Same,Same,Only gaussianise,,0
23261,Gynoid bone mass,0,Continuous,0,0,0,0,Body composition by DXA,No missing values encoded,0,Same,Same,Only gaussianise,,0
23262,Gynoid fat mass,0,Continuous,0,0,0,0,Body composition by DXA,No missing values encoded,0,Same,Same,Only gaussianise,,0
23263,Gynoid lean mass,0,Continuous,0,0,0,0,Body composition by DXA,No missing values encoded,0,Same,Same,Only gaussianise,,0
23264,Gynoid tissue fat percentage,0,Continuous,0,0,0,0,Body composition by DXA,No missing values encoded,0,Same,Same,Only gaussianise,,0
23265,Gynoid total mass,0,Continuous,0,0,0,0,Body composition by DXA,No missing values encoded,0,Same,Same,Only gaussianise,,0
23266,Leg fat mass (left),0,Continuous,0,0,0,0,Body composition by DXA,No missing values encoded,0,Same,Same,Only gaussianise,,0
23267,Leg lean mass (left),0,Continuous,0,0,0,0,Body composition by DXA,No missing values encoded,0,Same,Same,Only gaussianise,,0
23268,Leg tissue fat percentage (left),0,Continuous,0,0,0,0,Body composition by DXA,No missing values encoded,0,Same,Same,Only gaussianise,,0
23269,Leg total mass (left),0,Continuous,0,0,0,0,Body composition by DXA,No missing values encoded,0,Same,Same,Only gaussianise,,0
23270,Leg fat mass (right),0,Continuous,0,0,0,0,Body composition by DXA,No missing values encoded,0,Same,Same,Only gaussianise,,0
23271,Leg lean mass (right),0,Continuous,0,0,0,0,Body composition by DXA,No missing values encoded,0,Same,Same,Only gaussianise,,0
23272,Leg tissue fat percentage (right),0,Continuous,0,0,0,0,Body composition by DXA,No missing values encoded,0,Same,Same,Only gaussianise,,0
23273,Leg total mass (right),0,Continuous,0,0,0,0,Body composition by DXA,No missing values encoded,0,Same,Same,Only gaussianise,,0
23274,Legs fat mass,0,Continuous,0,0,0,0,Body composition by DXA,No missing values encoded,0,Same,Same,Only gaussianise,,0
23275,Legs lean mass,0,Continuous,0,0,0,0,Body composition by DXA,No missing values encoded,0,Same,Same,Only gaussianise,,0
23276,Legs tissue fat percentage,0,Continuous,0,0,0,0,Body composition by DXA,No missing values encoded,0,Same,Same,Only gaussianise,,0
23277,Legs total mass,0,Continuous,0,0,0,0,Body composition by DXA,No missing values encoded,0,Same,Same,Only gaussianise,,0
23278,Total fat mass,0,Continuous,0,0,0,0,Body composition by DXA,No missing values encoded,0,Same,Same,Only gaussianise,,0
23279,Total fat-free mass,0,Continuous,0,0,0,0,Body composition by DXA,No missing values encoded,0,Same,Same,Only gaussianise,,0
23280,Total lean mass,0,Continuous,0,0,0,0,Body composition by DXA,No missing values encoded,0,Same,Same,Only gaussianise,,0
23281,Total tissue fat percentage,0,Continuous,0,0,0,0,Body composition by DXA,No missing values encoded,0,Same,Same,Only gaussianise,,0
23282,Total tissue mass,0,Continuous,0,0,0,0,Body composition by DXA,No missing values encoded,0,Same,Same,Only gaussianise,,0
23283,Total mass,0,Continuous,0,0,0,0,Body composition by DXA,No missing values encoded,0,Same,Same,Only gaussianise,,0
23284,Trunk fat mass,0,Continuous,0,0,0,0,Body composition by DXA,No missing values encoded,0,Same,Same,Only gaussianise,,0
23285,Trunk lean mass,0,Continuous,0,0,0,0,Body composition by DXA,No missing values encoded,0,Same,Same,Only gaussianise,,0
23286,Trunk tissue fat percentage,0,Continuous,0,0,0,0,Body composition by DXA,No missing values encoded,0,Same,Same,Only gaussianise,,0
23287,Trunk total mass,0,Continuous,0,0,0,0,Body composition by DXA,No missing values encoded,0,Same,Same,Only gaussianise,,0
23288,VAT (visceral adipose tissue) mass,0,Continuous,0,0,0,0,Body composition by DXA,No missing values encoded,0,Same,Same,Only gaussianise,,0
23290,Femur shaft BMD (bone mineral density) (left),0,Continuous,0,0,0,0,Bone size/ mineral and density by DXA,No missing values encoded,0,Same,Same,Only gaussianise,,0
23291,Femur total BMD (bone mineral density) (left),0,Continuous,0,0,0,0,Bone size/ mineral and density by DXA,No missing values encoded,0,Same,Same,Only gaussianise,,0
23292,Femur upper neck BMD (bone mineral density) (left),1,Continuous,0,0,0,0,Bone size/ mineral and density by DXA,No missing values encoded,0,Same,Same,Only gaussianise,,0
23293,Femur total BMD (bone mineral density) T-score (left),0,Continuous,0,0,0,0,Bone size/ mineral and density by DXA,No missing values encoded,0,Same,Same,Only gaussianise,,0
23295,Femur troch BMD (bone mineral density) (left),0,Continuous,0,0,0,0,Bone size/ mineral and density by DXA,No missing values encoded,0,Same,Same,Only gaussianise,,0
23296,Femur upper neck BMD (bone mineral density) T-score (left),1,Continuous,0,0,0,0,Bone size/ mineral and density by DXA,No missing values encoded,0,Same,Same,Only gaussianise,,0
23297,Femur wards BMD (bone mineral density) (left),0,Continuous,0,0,0,0,Bone size/ mineral and density by DXA,No missing values encoded,0,Same,Same,Only gaussianise,,0
23298,Femur troch BMD (bone mineral density) T-score (left),0,Continuous,0,0,0,0,Bone size/ mineral and density by DXA,No missing values encoded,0,Same,Same,Only gaussianise,,0
23299,Femur neck BMD (bone mineral density) (left),0,Continuous,0,0,0,0,Bone size/ mineral and density by DXA,No missing values encoded,0,Same,Same,Only gaussianise,,0
23300,Femur neck BMD (bone mineral density) T-score (left),0,Continuous,0,0,0,0,Bone size/ mineral and density by DXA,No missing values encoded,0,Same,Same,Only gaussianise,,0
23301,Femur wards BMD (bone mineral density) T-score (left),0,Continuous,0,0,0,0,Bone size/ mineral and density by DXA,No missing values encoded,0,Same,Same,Only gaussianise,,0
23302,Femur lower neck BMD (bone mineral density) (left),1,Continuous,0,0,0,0,Bone size/ mineral and density by DXA,No missing values encoded,0,Same,Same,Only gaussianise,,0
23306,Head BMC (bone mineral content),0,Continuous,0,0,0,0,Bone size/ mineral and density by DXA,No missing values encoded,0,Same,Same,Only gaussianise,,0
23308,Pelvis BMC (bone mineral content),0,Continuous,0,0,0,0,Bone size/ mineral and density by DXA,No missing values encoded,0,Same,Same,Only gaussianise,,0
23310,Ribs BMC (bone mineral content),0,Continuous,0,0,0,0,Bone size/ mineral and density by DXA,No missing values encoded,0,Same,Same,Only gaussianise,,0
23312,Spine BMC (bone mineral content),0,Continuous,0,0,0,0,Bone size/ mineral and density by DXA,No missing values encoded,0,Same,Same,Only gaussianise,,0
23317,Arms combined bone area,0,Continuous,0,0,0,0,Bone size/ mineral and density by DXA,No missing values encoded,0,Same,Same,Only gaussianise,,0
23318,Legs combined bone area,0,Continuous,0,0,0,0,Bone size/ mineral and density by DXA,No missing values encoded,0,Same,Same,Only gaussianise,,0
23320,Leg BMC (bone mineral content) (left),0,Continuous,0,0,0,0,Bone size/ mineral and density by DXA,No missing values encoded,0,Same,Same,Only gaussianise,,0
30000,White blood cell (leukocyte) count,0,Continuous,0,0,0,0,Blood assays,No missing values encoded,0,Same,Same,Only gaussianise,,0
30010,Red blood cell (erythrocyte) count,0,Continuous,0,0,0,0,Blood assays,No missing values encoded,0,Same,Same,Only gaussianise,,0
30020,Haemoglobin concentration,0,Continuous,0,0,0,0,Blood assays,No missing values encoded,0,Same,Same,Only gaussianise,Unit: # / 1E9 L,0
30030,Haematocrit percentage,0,Continuous,0,0,0,0,Blood assays,No missing values encoded,0,Same,Same,Only gaussianise,Unit: # / 1E9 L,0
30040,Mean corpuscular volume,0,Continuous,0,0,0,0,Blood assays,No missing values encoded,0,Same,Same,Only gaussianise,,0
30050,Mean corpuscular haemoglobin,0,Continuous,0,0,0,0,Blood assays,No missing values encoded,0,Same,Same,Only gaussianise,,0
30060,Mean corpuscular haemoglobin concentration,0,Continuous,0,0,0,0,Blood assays,No missing values encoded,0,Same,Same,Only gaussianise,,0
30070,Red blood cell (erythrocyte) distribution width,0,Continuous,0,0,0,0,Blood assays,No missing values encoded,0,Same,Same,Only gaussianise,,0
30080,Platelet count,0,Continuous,0,0,0,0,Blood assays,No missing values encoded,0,Same,Same,Only gaussianise,Unit: # / 1E9 L,0
30090,Platelet crit,0,Continuous,0,0,0,0,Blood assays,No missing values encoded,0,Same,Same,Only gaussianise,,0
30100,Mean platelet (thrombocyte) volume,0,Continuous,0,0,0,0,Blood assays,No missing values encoded,0,Same,Same,Only gaussianise,,0
30110,Platelet distribution width,0,Continuous,0,0,0,0,Blood assays,No missing values encoded,0,Same,Same,Only gaussianise,,0
30120,Lymphocyte count,0,Continuous,0,0,0,0,Blood assays,No missing values encoded,0,Same,Same,Only gaussianise,Unit: # / 1E9 L,0
30130,Monocyte count,0,Continuous,0,0,0,0,Blood assays,No missing values encoded,0,Same,Same,Only gaussianise,Unit: # / 1E9 L,0
30140,Neutrophill count,0,Continuous,0,0,0,0,Blood assays,No missing values encoded,0,Same,Same,Only gaussianise,Unit: # / 1E9 L,0
30150,Eosinophill count,0,Continuous,0,0,0,0,Blood assays,No missing values encoded,0,Same,Same,Only gaussianise,Unit: # / 1E9 L,0
30160,Basophill count,0,Continuous,0,0,0,0,Blood assays,No missing values encoded,0,Same,Same,Only gaussianise,Unit: # / 1E9 L,0
30180,Lymphocyte percentage,0,Continuous,0,0,0,0,Blood assays,No missing values encoded,0,Same,Same,Only gaussianise,,0
30190,Monocyte percentage,0,Continuous,0,0,0,0,Blood assays,No missing values encoded,0,Same,Same,Only gaussianise,,0
30200,Neutrophill percentage,0,Continuous,0,0,0,0,Blood assays,No missing values encoded,0,Same,Same,Only gaussianise,,0
30210,Eosinophill percentage,0,Continuous,0,0,0,0,Blood assays,No missing values encoded,0,Same,Same,Only gaussianise,,0
30220,Basophill percentage,0,Continuous,0,0,0,0,Blood assays,No missing values encoded,0,Same,Same,Only gaussianise,,0
30230,Nucleated red blood cell percentage,1,Continuous,0,0,0,0,Blood assays,No missing values encoded,0,Same,Same,Remove,,0
30240,Reticulocyte percentage,0,Continuous,0,0,0,0,Blood assays,No missing values encoded,0,Same,Same,Only gaussianise,,0
30250,Reticulocyte count,0,Continuous,0,0,0,0,Blood assays,No missing values encoded,0,Same,Same,Only gaussianise,Unit: # / 1E12 L,0
30260,Mean reticulocyte volume,0,Continuous,0,0,0,0,Blood assays,No missing values encoded,0,Same,Same,Only gaussianise,,0
30270,Mean sphered cell volume,0,Continuous,0,0,0,0,Blood assays,No missing values encoded,0,Same,Same,Only gaussianise,,0
30280,Immature reticulocyte fraction,0,Continuous,0,0,0,0,Blood assays,No missing values encoded,0,Same,Same,Only gaussianise,,0
30290,High light scatter reticulocyte percentage,0,Continuous,0,0,0,0,Blood assays,No missing values encoded,0,Same,Same,Only gaussianise,,0
30300,High light scatter reticulocyte count,0,Continuous,0,0,0,0,Blood assays,No missing values encoded,0,Same,Same,Only gaussianise,Unit: # / 1E12 L,0
41202,Diagnoses - main ICD10,1,Nominal,0,0,0,0,Diagnoses,No missing values encoded,19,Same,Same,Only gaussianise,,1
100010,Portion size,0,Ordinal,0,0,0,0,Typical diet yesterday,No missing values encoded,100014,5#10#15,0#1#2,Only gaussianise,,0
100020,Typical diet yesterday,0,Binary,0,0,0,0,Typical diet yesterday,No missing values encoded,100010,Same,Same,Only gaussianise,,0
100150,Drinking water intake,0,Ordinal,0,0,0,0,Hot/cold beverages yesterday,No missing values encoded,100006,5#600#4#3#2#1#555,5#6#4#3#2#1#0.5,Set Missing to 0 and gaussianise,,0
100190,Orange juice intake,1,Ordinal,0,0,0,0,Hot/cold beverages yesterday,No missing values encoded,100006,5#600#4#3#2#1#555,5#6#4#3#2#1#0.5,Set Missing to 0 and gaussianise,,0
100240,Coffee consumed,0,Binary,0,0,0,0,Hot/cold beverages yesterday,No missing values encoded,100010,Same,Same,Only gaussianise,,0
100250,Instant coffee intake,1,Ordinal,100240,0,1,0,Hot/cold beverages yesterday,No missing values encoded,100006,5#600#4#3#2#1#555,5#6#4#3#2#1#0.5,Set Missing to 0 and gaussianise,,0
100390,Tea consumed,0,Binary,0,0,0,0,Hot/cold beverages yesterday,No missing values encoded,100010,Same,Same,Only gaussianise,,0
100400,Standard tea intake,0,Ordinal,100390,0,1,0,Hot/cold beverages yesterday,No missing values encoded,100007,1#2#3#4#5#600,1#2#3#4#5#6,Only gaussianise,,0
100510,Other non-alcoholic drinks,0,Binary,0,0,0,0,Hot/cold beverages yesterday,No missing values encoded,100010,Same,Same,Only gaussianise,,0
100580,Alcohol consumed,0,Binary,0,0,0,0,Alcoholic beverages yesterday,No missing values encoded,100010,Same,Same,Only gaussianise,,0
100760,Breakfast cereal consumed,0,Binary,0,0,0,0,Cereal yesterday,No missing values encoded,100010,Same,Same,Only gaussianise,,0
100920,Type milk consumed,0,Nominal,0,0,0,0,Milk/eggs/cheee yesterday,Missing: 222 and 313,100015,0#2102#2103#2104#2105#2106#2107#2108#2109#2110#2199,0#1#2#3#4#5#6#7#9#10,Only gaussianise,,0
100940,Bread consumed,0,Binary,0,0,0,0,Bread/pasta/rice yesterday,No missing values encoded,100010,Same,Same,Only gaussianise,,0
100950,Sliced bread intake,0,Ordinal,100940,0,1,0,Bread/pasta/rice yesterday,No missing values encoded,100006,5#600#4#3#2#1#555,5#6#4#3#2#1#0.5,Set Missing to 0 and gaussianise,,0
101300,Butter/margarine on bread/crackers,1,Binary,1438,0,-10,0,Bread/pasta/rice yesterday,No missing values encoded,100010,Same,Same,Only gaussianise,,0
101310,Number of bread slices with butter/margarine,1,Nominal,101300,0,1,0,Bread/pasta/rice yesterday,No missing values encoded,100006,5#600#4#3#2#1#555,5#6#4#3#2#1#0.5,Set Missing to 0 and gaussianise,,0
102080,Yogurt/ice-cream consumers,0,Binary,0,0,0,0,Soup/scks/pastries yesterday,No missing values encoded,100010,Same,Same,Only gaussianise,,0
102090,Yogurt intake,1,Ordinal,102080,0,1,0,Soup/scks/pastries yesterday,No missing values encoded,100003,300#2#1#555,3#2#1#0.5,Set Missing to 0 and gaussianise,,0
102130,Dessert consumers,0,Binary,0,0,0,0,Soup/scks/pastries yesterday,No missing values encoded,100010,Same,Same,Only gaussianise,,0
102250,Sweet sck consumers,0,Binary,0,0,0,0,Soup/scks/pastries yesterday,No missing values encoded,100010,Same,Same,Only gaussianise,,0
102400,Savoury sck consumers,0,Binary,0,0,0,0,Soup/scks/pastries yesterday,No missing values encoded,100010,Same,Same,Only gaussianise,,0
102520,Soup consumers,0,Binary,0,0,0,0,Soup/scks/pastries yesterday,No missing values encoded,100010,Same,Same,Only gaussianise,,0
102700,Starchy food consumers,0,Binary,0,0,0,0,Soup/scks/pastries yesterday,No missing values encoded,100010,Same,Same,Only gaussianise,,0
102800,Cheese consumers,0,Binary,0,0,0,0,Milk/eggs/cheee yesterday,No missing values encoded,100010,Same,Same,Only gaussianise,,0
102820,Hard cheese intake,1,Ordinal,102800,0,1,0,Milk/eggs/cheee yesterday,No missing values encoded,100003,300#2#1#555,3#2#1#0.5,Set Missing to 0 and gaussianise,,0
102930,Egg consumers,0,Binary,0,0,0,0,Milk/eggs/cheee yesterday,No missing values encoded,100010,Same,Same,Only gaussianise,,0
103000,Meat consumers,0,Binary,0,0,0,0,Meat/fish yesterday,No missing values encoded,100010,Same,Same,Only gaussianise,,0
103120,Fat removed from meat,1,Nominal,0,0,0,0,Meat/fish yesterday,Missing: 222 and 313,100008,0#1#111#,0#2#1,Only gaussianise,,0
103140,Fish consumer,0,Binary,0,0,0,0,Meat/fish yesterday,No missing values encoded,100010,Same,Same,Only gaussianise,,0
103310,Spreads/sauces consumers,0,Binary,0,0,0,0,Spreads/sauces/cooking oils yesterday,No missing values encoded,100010,Same,Same,Only gaussianise,,0
103990,Vegetable consumers,0,Binary,0,0,0,0,Fruit/vegetables yesterday,No missing values encoded,100010,Same,Same,Only gaussianise,,0
104030,Boiled/baked potatoes intake,1,Ordinal,103990,0,1,0,Fruit/vegetables yesterday,No missing values encoded,100017,300#2#1#555#444,3#2#1#0.5#0.25,Set Missing to 0 and gaussianise,,0
104090,Side salad intake,1,Ordinal,103990,0,1,0,Fruit/vegetables yesterday,No missing values encoded,100017,300#2#1#555#444,3#2#1#0.5#0.25,Set Missing to 0 and gaussianise,,0
104170,Carrot intake,1,Ordinal,103990,0,1,0,Fruit/vegetables yesterday,No missing values encoded,100017,300#2#1#555#444,3#2#1#0.5#0.25,Set Missing to 0 and gaussianise,,0
104260,Onion intake,1,Ordinal,103990,0,1,0,Fruit/vegetables yesterday,No missing values encoded,100017,300#2#1#555#444,3#2#1#0.5#0.25,Set Missing to 0 and gaussianise,,0
104340,Fresh tomato intake,1,Ordinal,103990,0,1,0,Fruit/vegetables yesterday,No missing values encoded,100017,300#2#1#555#444,3#2#1#0.5#0.25,Set Missing to 0 and gaussianise,,0
104400,Fruit consumers,1,Binary,0,0,0,0,Fruit/vegetables yesterday,No missing values encoded,100010,Same,Same,Only gaussianise,,0
104450,Apple intake,1,Ordinal,104400,0,1,0,Fruit/vegetables yesterday,No missing values encoded,100004,400#3#2#1#555,4#3#2#1#0.5,Set Missing to 0 and gaussianise,,0
104460,Banana intake,1,Ordinal,104400,0,1,0,Fruit/vegetables yesterday,No missing values encoded,100004,400#3#2#1#555,4#3#2#1#0.5,Set Missing to 0 and gaussianise,,0
104670,Vitamin supplement user,0,Binary,0,0,0,0,Vitamin/mineral supplements yesterday,No missing values encoded,100010,Same,Same,Only gaussianise,,0
